region,rt_last_mean,rt_last_low95,rt_last_high95
France,0.7977698554322201,0.5820376967031379,1.0679075066703287
