region,rt_last_mean,rt_last_low95,rt_last_high95
Germany,0.9594471135836471,0.7308625311051062,1.235020269538532
