region,rt_last_mean,rt_last_low95,rt_last_high95
Italy,0.8690165334523905,0.666328587570263,1.1259918363398675
