region,rt_last_mean,rt_last_low95,rt_last_high95
Russia,1.1419840505043437,0.8461812777446778,1.4718262298187479
